г	.	Дело	0
27	.	04	0
образом	.	В	1
собственников	.	ООО	1
п	.	2	0
ошибочным	.	Постановлением	1
примечание	.	В	1
г	.	Орска	0
А	.	В	0
В	.	Петров	0
отменить	.	В	1
сделки	.	Когда	1
кв	.	м	0
ст	.	9	0
г	.	Москва	0
команда	.	Которая	1
иском	.	Частично	1
следующего	.	Факт	1
следующего	.	В	1
сигареты	.	Мы	1
ст	.	152	0
институт	.	Доктор	1
А	.	С	0
государства	.	О	1
1956	.	От	1
9	.	8	0
А	.	Л	0
п	.	34	1
рак	.	Это	1
п	.	2	1
ст	.	274	0
удовлетворения	.	Руководствуясь	1
06	.	05	0
деятельности	.	С	1
Федерации	.	При	1
фильтры	.	Этот	1
А	.	Ю	0
Ю	.	Судьи	1
Н	.	П	0
П	.	Е	0
К	.	Т	0
06	.	05	0
05	.	2000	0
медицина	.	Больше	1
27	.	12	0
ожидалось	.	В	1
г	.	Дело	0
27	.	04	0
образом	.	В	1
собственников	.	ООО	1
п	.	2	0
ошибочным	.	Постановлением	1
примечание	.	В	1
г	.	Орска	0
А	.	В	0
В	.	Петров	0
отменить	.	В	1
сделки	.	Когда	1
кв	.	м	0
ст	.	9	0
г	.	Москва	0
команда	.	Которая	1
иском	.	Частично	1
следующего	.	Факт	1
следующего	.	В	1
сигареты	.	Мы	1
ст	.	152	0
институт	.	Доктор	1
А	.	С	0
государства	.	О	1
1956	.	От	1
9	.	8	0
said	.	Among	1
number	.	Four	1
рак	.	Это	1
п	.	2	1
ст	.	274	0
удовлетворения	.	Руководствуясь	1
06	.	05	0
деятельности	.	С	1
Федерации	.	При	1
фильтры	.	Этот	1
А	.	Ю	0
Ю	.	Судьи	1
Н	.	П	0
П	.	Е	0
К	.	Т	0
06	.	05	0
05	.	2000	0
медицина	.	Больше	1
27	.	12	0
ожидалось	.	В	1
г	.	Дело	0
27	.	04	0
образом	.	В	1
собственников	.	ООО	1
п	.	2	0
ошибочным	.	Постановлением	1
примечание	.	В	1
г	.	Орска	0
А	.	В	0
В	.	Петров	0
отменить	.	В	1
сделки	.	Когда	1
кв	.	м	0
ст	.	9	0
г	.	Москва	0
команда	.	Которая	1
иском	.	Частично	1
следующего	.	Факт	1
следующего	.	В	1
сигареты	.	Мы	1
ст	.	152	0
институт	.	Доктор	1
А	.	С	0
государства	.	О	1
1956	.	От	1
9	.	8	0
сказал	.	Около	1
чило	.	Для	1
рак	.	Это	1
п	.	2	1
ст	.	274	0
удовлетворения	.	Руководствуясь	1
06	.	05	0
деятельности	.	С	1
Федерации	.	При	1
фильтры	.	Этот	1
А	.	Ю	0
Ю	.	Судьи	1
Н	.	П	0
П	.	Е	0
К	.	Т	0
06	.	05	0
05	.	2000	0
медицина	.	Больше	1
27	.	12	0
ожидалось	.	В	1
г	.	Дело	0
27	.	04	0
образом	.	В	1
собственников	.	ООО	1
п	.	2	0
ошибочным	.	Постановлением	1
примечание	.	В	1
г	.	Орска	0
А	.	В	0
В	.	Петров	0
отменить	.	В	1
сделки	.	Когда	1
отметил	.	Этот	1
сказал	.	О	1
кв	.	м	0
ст	.	9	0
г	.	Москва	0
команда	.	Которая	1
иском	.	Частично	1
следующего	.	Факт	1
следующего	.	В	1
сигареты	.	Мы	1
ст	.	152	0
институт	.	Доктор	1
А	.	С	0
государства	.	О	1
1956	.	От	1
9	.	8	0
сказать	.	Около	1
чило	.	Для	1
рак	.	Это	1
п	.	2	1
ст	.	274	0
удовлетворения	.	Руководствуясь	1
06	.	05	0
деятельности	.	С	1
Федерации	.	При	1
фильтры	.	Этот	1
А	.	Ю	0
Ю	.	Судьи	1
Н	.	П	0
П	.	Е	0
К	.	Т	0
06	.	05	0
05	.	2000	0
медицина	.	Больше	1
27	.	12	0
ожидалось	.	В	1
г	.	Дело	0
27	.	04	0
образом	.	В	1
собственников	.	ООО	1
п	.	2	0
ошибочным	.	Постановлением	1
примечание	.	В	1
г	.	Орска	0
А	.	В	0
В	.	Петров	0
отменить	.	В	1
сделки	.	Когда	1
reported	.	The	1
said	.	Lorillard	1
кв	.	м	0
ст	.	9	0
г	.	Москва	0
команда	.	Которая	1
иском	.	Частично	1
следующего	.	Факт	1
следующего	.	В	1
сигареты	.	Мы	1
ст	.	152	0
институт	.	Доктор	1
А	.	С	0
государства	.	О	1
1956	.	От	1
9	.	8	0
А	.	Л	0
п	.	34	1
рак	.	Это	1
п	.	2	1
ст	.	274	0
удовлетворения	.	Руководствуясь	1
06	.	05	0
деятельности	.	С	1
Федерации	.	При	1
фильтры	.	Этот	1
А	.	Ю	0
Ю	.	Судьи	1
Н	.	П	0
П	.	Е	0
К	.	Т	0
06	.	05	0
05	.	2000	0
медицина	.	Больше	1
27	.	12	0
ожидалось	.	В	1
г	.	Дело	0
27	.	04	0
образом	.	В	1
собственников	.	ООО	1
п	.	2	0
ошибочным	.	Постановлением	1
примечание	.	В	1
г	.	Орска	0
А	.	В	0
В	.	Петров	0
отменить	.	В	1
сделки	.	Когда	1
кв	.	м	0
ст	.	9	0
г	.	Москва	0
команда	.	Которая	1
иском	.	Частично	1
следующего	.	Факт	1
следующего	.	В	1
сигареты	.	Мы	1
ст	.	152	0
институт	.	Доктор	1
А	.	С	0
государства	.	О	1
1956	.	От	1
9	.	8	0
said	.	Among	1
number	.	Four	1
рак	.	Это	1
п	.	2	1
ст	.	274	0
удовлетворения	.	Руководствуясь	1
06	.	05	0
деятельности	.	С	1
Федерации	.	При	1
фильтры	.	Этот	1
А	.	Ю	0
Ю	.	Судьи	1
Н	.	П	0
П	.	Е	0
К	.	Т	0
06	.	05	0
05	.	2000	0
медицина	.	Больше	1
27	.	12	0
ожидалось	.	В	1
г	.	Дело	0
27	.	04	0
образом	.	В	1
собственников	.	ООО	1
п	.	2	0
ошибочным	.	Постановлением	1
примечание	.	В	1
г	.	Орска	0
А	.	В	0
В	.	Петров	0
отменить	.	В	1
сделки	.	Когда	1
кв	.	м	0
ст	.	9	0
г	.	Москва	0
команда	.	Которая	1
иском	.	Частично	1
следующего	.	Факт	1
следующего	.	В	1
сигареты	.	Мы	1
ст	.	152	0
институт	.	Доктор	1
А	.	С	0
государства	.	О	1
1956	.	От	1
9	.	8	0
сказал	.	Около	1
чило	.	Для	1
рак	.	Это	1
п	.	2	1
ст	.	274	0
удовлетворения	.	Руководствуясь	1
06	.	05	0
деятельности	.	С	1
Федерации	.	При	1
фильтры	.	Этот	1
А	.	Ю	0
Ю	.	Судьи	1
Н	.	П	0
П	.	Е	0
К	.	Т	0
06	.	05	0
05	.	2000	0
медицина	.	Больше	1
27	.	12	0
ожидалось	.	В	1
г	.	Дело	0
27	.	04	0
образом	.	В	1
собственников	.	ООО	1
п	.	2	0
ошибочным	.	Постановлением	1
примечание	.	В	1
г	.	Орска	0
А	.	В	0
В	.	Петров	0
отменить	.	В	1
сделки	.	Когда	1
отметил	.	Этот	1
сказал	.	О	1
кв	.	м	0
ст	.	9	0
г	.	Москва	0
команда	.	Которая	1
иском	.	Частично	1
следующего	.	Факт	1
следующего	.	В	1
сигареты	.	Мы	1
ст	.	152	0
институт	.	Доктор	1
А	.	С	0
государства	.	О	1
1956	.	От	1
9	.	8	0
сказать	.	Около	1
чило	.	Для	1
рак	.	Это	1
п	.	2	1
ст	.	274	0
удовлетворения	.	Руководствуясь	1
06	.	05	0
деятельности	.	С	1
Федерации	.	При	1
фильтры	.	Этот	1
А	.	Ю	0
Ю	.	Судьи	1
Н	.	П	0
П	.	Е	0
К	.	Т	0
06	.	05	0
05	.	2000	0
медицина	.	Больше	1
27	.	12	0
ожидалось	.	В	1
г	.	Дело	0
27	.	04	0
образом	.	В	1
собственников	.	ООО	1
п	.	2	0
ошибочным	.	Постановлением	1
примечание	.	В	1
г	.	Орска	0
А	.	В	0
В	.	Петров	0
отменить	.	В	1
сделки	.	Когда	1
reported	.	The	1
said	.	Lorillard	1
кв	.	м	0
ст	.	9	0
г	.	Москва	0
команда	.	Которая	1
иском	.	Частично	1
следующего	.	Факт	1
следующего	.	В	1
сигареты	.	Мы	1
ст	.	152	0
институт	.	Доктор	1
А	.	С	0
государства	.	О	1
1956	.	От	1
9	.	8	0
А	.	Л	0
п	.	34	1
рак	.	Это	1
п	.	2	1
ст	.	274	0
удовлетворения	.	Руководствуясь	1
06	.	05	0
деятельности	.	С	1
Федерации	.	При	1
фильтры	.	Этот	1
А	.	Ю	0
Ю	.	Судьи	1
Н	.	П	0
П	.	Е	0
К	.	Т	0
06	.	05	0
05	.	2000	0
медицина	.	Больше	1
27	.	12	0
ожидалось	.	В	1
г	.	Дело	0
27	.	04	0
образом	.	В	1
собственников	.	ООО	1
п	.	2	0
ошибочным	.	Постановлением	1
примечание	.	В	1
г	.	Орска	0
А	.	В	0
В	.	Петров	0
отменить	.	В	1
сделки	.	Когда	1
кв	.	м	0
ст	.	9	0
г	.	Москва	0
команда	.	Которая	1
иском	.	Частично	1
следующего	.	Факт	1
следующего	.	В	1
сигареты	.	Мы	1
ст	.	152	0
институт	.	Доктор	1
А	.	С	0
государства	.	О	1
1956	.	От	1
9	.	8	0
said	.	Among	1
number	.	Four	1
рак	.	Это	1
п	.	2	1
ст	.	274	0
удовлетворения	.	Руководствуясь	1
06	.	05	0
деятельности	.	С	1
Федерации	.	При	1
фильтры	.	Этот	1
А	.	Ю	0
Ю	.	Судьи	1
Н	.	П	0
П	.	Е	0
К	.	Т	0
06	.	05	0
05	.	2000	0
медицина	.	Больше	1
27	.	12	0
ожидалось	.	В	1
г	.	Дело	0
27	.	04	0
образом	.	В	1
собственников	.	ООО	1
п	.	2	0
ошибочным	.	Постановлением	1
примечание	.	В	1
г	.	Орска	0
А	.	В	0
В	.	Петров	0
отменить	.	В	1
сделки	.	Когда	1
кв	.	м	0
ст	.	9	0
г	.	Москва	0
команда	.	Которая	1
иском	.	Частично	1
следующего	.	Факт	1
следующего	.	В	1
сигареты	.	Мы	1
ст	.	152	0
институт	.	Доктор	1
А	.	С	0
государства	.	О	1
1956	.	От	1
9	.	8	0
сказал	.	Около	1
чило	.	Для	1
рак	.	Это	1
п	.	2	1
ст	.	274	0
удовлетворения	.	Руководствуясь	1
06	.	05	0
деятельности	.	С	1
Федерации	.	При	1
фильтры	.	Этот	1
А	.	Ю	0
Ю	.	Судьи	1
Н	.	П	0
П	.	Е	0
К	.	Т	0
06	.	05	0
05	.	2000	0
медицина	.	Больше	1
27	.	12	0
ожидалось	.	В	1
г	.	Дело	0
27	.	04	0
образом	.	В	1
собственников	.	ООО	1
п	.	2	0
ошибочным	.	Постановлением	1
примечание	.	В	1
г	.	Орска	0
А	.	В	0
В	.	Петров	0
отменить	.	В	1
сделки	.	Когда	1
отметил	.	Этот	1
сказал	.	О	1
кв	.	м	0
ст	.	9	0
г	.	Москва	0
команда	.	Которая	1
иском	.	Частично	1
следующего	.	Факт	1
следующего	.	В	1
сигареты	.	Мы	1
ст	.	152	0
институт	.	Доктор	1
А	.	С	0
государства	.	О	1
1956	.	От	1
9	.	8	0
сказать	.	Около	1
чило	.	Для	1
рак	.	Это	1
п	.	2	1
ст	.	274	0
удовлетворения	.	Руководствуясь	1
06	.	05	0
деятельности	.	С	1
Федерации	.	При	1
фильтры	.	Этот	1
А	.	Ю	0
Ю	.	Судьи	1
Н	.	П	0
П	.	Е	0
К	.	Т	0
06	.	05	0
05	.	2000	0
медицина	.	Больше	1
27	.	12	0
ожидалось	.	В	1